{"file:///home/ch/PictureCommunity/utils/jwt.go":{"language":"Go","code":49,"comment":0,"blank":7},"file:///home/ch/PictureCommunity/response/ResponseCode.go":{"language":"Go","code":20,"comment":0,"blank":3},"file:///home/ch/PictureCommunity/response/Response.go":{"language":"Go","code":29,"comment":0,"blank":10},"file:///home/ch/PictureCommunity/utils/util.go":{"language":"Go","code":25,"comment":0,"blank":4},"file:///home/ch/PictureCommunity/main.go":{"language":"Go","code":14,"comment":0,"blank":3},"file:///home/ch/PictureCommunity/middleware/Auth.go":{"language":"Go","code":31,"comment":0,"blank":5},"file:///home/ch/PictureCommunity/go.sum":{"language":"Go Checksum File","code":73,"comment":0,"blank":1},"file:///home/ch/PictureCommunity/go.mod":{"language":"Go Module File","code":29,"comment":0,"blank":4},"file:///home/ch/PictureCommunity/utils/snowFlake.go":{"language":"Go","code":45,"comment":0,"blank":7},"file:///home/ch/PictureCommunity/global/global.go":{"language":"Go","code":21,"comment":0,"blank":7},"file:///home/ch/PictureCommunity/entity/_response/userInfo.go":{"language":"Go","code":27,"comment":0,"blank":3},"file:///home/ch/PictureCommunity/entity/_response/responseSearchUsers.go":{"language":"Go","code":8,"comment":0,"blank":2},"file:///home/ch/PictureCommunity/entity/_response/responsePost.go":{"language":"Go","code":11,"comment":0,"blank":2},"file:///home/ch/PictureCommunity/entity/_response/userPosts.go":{"language":"Go","code":9,"comment":0,"blank":2},"file:///home/ch/PictureCommunity/entity/_response/responseComment.go":{"language":"Go","code":8,"comment":0,"blank":2},"file:///home/ch/PictureCommunity/entity/_response/message.go":{"language":"Go","code":13,"comment":0,"blank":4},"file:///home/ch/PictureCommunity/entity/_response/Comment.go":{"language":"Go","code":44,"comment":0,"blank":7},"file:///home/ch/PictureCommunity/entity/_request/Comment.go":{"language":"Go","code":24,"comment":0,"blank":3},"file:///home/ch/PictureCommunity/service/MessageService.go":{"language":"Go","code":21,"comment":0,"blank":11},"file:///home/ch/PictureCommunity/entity/_response/firsrpagePost.go":{"language":"Go","code":33,"comment":0,"blank":3},"file:///home/ch/PictureCommunity/service/post.go":{"language":"Go","code":220,"comment":0,"blank":27},"file:///home/ch/PictureCommunity/entity/db/forward.go":{"language":"Go","code":14,"comment":0,"blank":3},"file:///home/ch/PictureCommunity/controller/firstpageController.go":{"language":"Go","code":63,"comment":0,"blank":4},"file:///home/ch/PictureCommunity/entity/db/post.go":{"language":"Go","code":17,"comment":0,"blank":3},"file:///home/ch/PictureCommunity/entity/db/liked.go":{"language":"Go","code":10,"comment":0,"blank":3},"file:///home/ch/PictureCommunity/initialize/startSystem.go":{"language":"Go","code":16,"comment":0,"blank":5},"file:///home/ch/PictureCommunity/entity/_response/loginBackUp.go":{"language":"Go","code":4,"comment":0,"blank":2},"file:///home/ch/PictureCommunity/controller/FileController.go":{"language":"Go","code":16,"comment":0,"blank":4},"file:///home/ch/PictureCommunity/entity/_request/post.go":{"language":"Go","code":15,"comment":0,"blank":5},"file:///home/ch/PictureCommunity/controller/CommentController.go":{"language":"Go","code":94,"comment":0,"blank":8},"file:///home/ch/PictureCommunity/entity/db/follow.go":{"language":"Go","code":10,"comment":0,"blank":3},"file:///home/ch/PictureCommunity/service/user.go":{"language":"Go","code":124,"comment":0,"blank":16},"file:///home/ch/PictureCommunity/entity/_request/message.go":{"language":"Go","code":5,"comment":0,"blank":2},"file:///home/ch/PictureCommunity/entity/_request/loginUser.go":{"language":"Go","code":10,"comment":0,"blank":3},"file:///home/ch/PictureCommunity/entity/_request/like.go":{"language":"Go","code":5,"comment":0,"blank":2},"file:///home/ch/PictureCommunity/entity/_request/firstpage.go":{"language":"Go","code":8,"comment":0,"blank":3},"file:///home/ch/PictureCommunity/service/registerService.go":{"language":"Go","code":44,"comment":0,"blank":5},"file:///home/ch/PictureCommunity/entity/db/comment.go":{"language":"Go","code":14,"comment":0,"blank":3},"file:///home/ch/PictureCommunity/initialize/mysql_connection.go":{"language":"Go","code":29,"comment":0,"blank":5},"file:///home/ch/PictureCommunity/entity/db/collection.go":{"language":"Go","code":10,"comment":0,"blank":3},"file:///home/ch/PictureCommunity/controller/FollowUserController.go":{"language":"Go","code":27,"comment":0,"blank":5},"file:///home/ch/PictureCommunity/entity/db/chat.go":{"language":"Go","code":11,"comment":0,"blank":3},"file:///home/ch/PictureCommunity/service/loginService.go":{"language":"Go","code":56,"comment":0,"blank":10},"file:///home/ch/PictureCommunity/service/firstpageService.go":{"language":"Go","code":58,"comment":0,"blank":5},"file:///home/ch/PictureCommunity/service/userDetailService.go":{"language":"Go","code":81,"comment":0,"blank":12},"file:///home/ch/PictureCommunity/service/likeService.go":{"language":"Go","code":46,"comment":0,"blank":6},"file:///home/ch/PictureCommunity/service/commentService.go":{"language":"Go","code":75,"comment":0,"blank":3},"file:///home/ch/PictureCommunity/controller/CollectionController.go":{"language":"Go","code":51,"comment":0,"blank":4},"file:///home/ch/PictureCommunity/controller/userHomeController.go":{"language":"Go","code":109,"comment":0,"blank":26},"file:///home/ch/PictureCommunity/controller/testGetToken.go":{"language":"Go","code":14,"comment":0,"blank":3},"file:///home/ch/PictureCommunity/entity/_request/UserFollow.go":{"language":"Go","code":4,"comment":0,"blank":2},"file:///home/ch/PictureCommunity/entity/_request/userInfo.go":{"language":"Go","code":8,"comment":0,"blank":3},"file:///home/ch/PictureCommunity/entity/_request/userHome.go":{"language":"Go","code":6,"comment":0,"blank":2},"file:///home/ch/PictureCommunity/entity/_request/updateUser.go":{"language":"Go","code":25,"comment":0,"blank":6},"file:///home/ch/PictureCommunity/entity/db/user_detail.go":{"language":"Go","code":16,"comment":0,"blank":3},"file:///home/ch/PictureCommunity/controller/SearchController.go":{"language":"Go","code":24,"comment":0,"blank":6},"file:///home/ch/PictureCommunity/controller/RegisterController.go":{"language":"Go","code":35,"comment":0,"blank":5},"file:///home/ch/PictureCommunity/entity/_request/searchUser.go":{"language":"Go","code":6,"comment":0,"blank":2},"file:///home/ch/PictureCommunity/controller/PostController.go":{"language":"Go","code":51,"comment":0,"blank":8},"file:///home/ch/PictureCommunity/entity/db/user_data.go":{"language":"Go","code":12,"comment":0,"blank":3},"file:///home/ch/PictureCommunity/service/userInfo.go":{"language":"Go","code":41,"comment":0,"blank":9},"file:///home/ch/PictureCommunity/entity/db/fans.go":{"language":"Go","code":10,"comment":0,"blank":3},"file:///home/ch/PictureCommunity/entity/_request/registerUser.go":{"language":"Go","code":8,"comment":0,"blank":3},"file:///home/ch/PictureCommunity/entity/db/user.go":{"language":"Go","code":12,"comment":0,"blank":3},"file:///home/ch/PictureCommunity/service/searchService.go":{"language":"Go","code":15,"comment":0,"blank":6},"file:///home/ch/PictureCommunity/service/userHomeService.go":{"language":"Go","code":38,"comment":0,"blank":26},"file:///home/ch/PictureCommunity/controller/login.go":{"language":"Go","code":38,"comment":0,"blank":7},"file:///home/ch/PictureCommunity/dao/user/select.go":{"language":"Go","code":115,"comment":0,"blank":19},"file:///home/ch/PictureCommunity/dao/user/insert.go":{"language":"Go","code":24,"comment":0,"blank":5},"file:///home/ch/PictureCommunity/dao/user/query.go":{"language":"Go","code":54,"comment":0,"blank":12},"file:///home/ch/PictureCommunity/dao/user/update.go":{"language":"Go","code":20,"comment":0,"blank":6},"file:///home/ch/PictureCommunity/controller/userInfoController.go":{"language":"Go","code":132,"comment":0,"blank":15},"file:///home/ch/PictureCommunity/controller/UserInfo.go":{"language":"Go","code":58,"comment":0,"blank":12},"file:///home/ch/PictureCommunity/controller/LikeController.go":{"language":"Go","code":53,"comment":0,"blank":4},"file:///home/ch/PictureCommunity/router/router.go":{"language":"Go","code":90,"comment":0,"blank":10},"file:///home/ch/PictureCommunity/initialize/idGeneratorInitialize.go":{"language":"Go","code":12,"comment":0,"blank":3},"file:///home/ch/PictureCommunity/entity/_request/collection.go":{"language":"Go","code":5,"comment":0,"blank":2},"file:///home/ch/PictureCommunity/dao/post/select.go":{"language":"Go","code":42,"comment":0,"blank":7},"file:///home/ch/PictureCommunity/service/collectionService.go":{"language":"Go","code":49,"comment":0,"blank":7},"file:///home/ch/PictureCommunity/dao/post/like.go":{"language":"Go","code":60,"comment":0,"blank":9},"file:///home/ch/PictureCommunity/dao/post/collection.go":{"language":"Go","code":52,"comment":0,"blank":9},"file:///home/ch/PictureCommunity/dao/firstpage/getDetail.go":{"language":"Go","code":95,"comment":0,"blank":9},"file:///home/ch/PictureCommunity/dao/post/Comment.go":{"language":"Go","code":129,"comment":0,"blank":14},"file:///home/ch/PictureCommunity/dao/firstpage/getById.go":{"language":"Go","code":48,"comment":0,"blank":5},"file:///home/ch/PictureCommunity/controller/MessageController.go":{"language":"Go","code":59,"comment":0,"blank":10},"file:///home/ch/PictureCommunity/entity/db/post_photo.go":{"language":"Go","code":13,"comment":0,"blank":3},"file:///home/ch/PictureCommunity/controller/WebSocketController.go":{"language":"Go","code":169,"comment":0,"blank":24}}